{
    "dot": {
        "2021-12": {
            "valid": 0.7760755776841568,
            "self-signed": 0.16992212434571685,
            "expired": 0.025788331418358228
        },
        "2022-01": {
            "valid": 0.6272988505747127,
            "self-signed": 0.3282567049808429,
            "expired": 0.023946360153256706
        },
        "2022-02": {
            "valid": 0.6227022929694902,
            "self-signed": 0.3349440970248247,
            "expired": 0.024161455372370664
        },
        "2022-03": {
            "valid": 0.6085031817762612,
            "self-signed": 0.34971871253343173,
            "expired": 0.023794152909711333
        },
        "2022-04": {
            "valid": 0.6645850120870266,
            "self-signed": 0.28807413376309426,
            "expired": 0.02467767929089444
        },
        "2022-05": {
            "valid": 0.6997127965110095,
            "self-signed": 0.2514626103605999,
            "expired": 0.02595468567173705
        },
        "2022-06": {
            "valid": 0.6913672922252011,
            "self-signed": 0.2551206434316354,
            "expired": 0.02670241286863271
        },
        "2022-07": {
            "valid": 0.6895978385118986,
            "self-signed": 0.25033773251584746,
            "expired": 0.03294191000727424
        },
        "2022-08": {
            "valid": 0.7014038876889849,
            "self-signed": 0.23855291576673865,
            "expired": 0.03434125269978402
        },
        "2022-09": {
            "valid": 0.7293022212250393,
            "self-signed": 0.212474758806372,
            "expired": 0.03455238949966345
        },
        "2022-10": {
            "valid": 0.7204347826086956,
            "self-signed": 0.22554347826086957,
            "expired": 0.0316304347826087
        },
        "2022-11": {
            "valid": 0.6301139547917056,
            "self-signed": 0.3182327666728937,
            "expired": 0.030263403698860453
        },
        "2022-12": {
            "valid": 0.649574341714512,
            "self-signed": 0.2939021975846367,
            "expired": 0.029499109087309443
        },
        "2023-01": {
            "valid": 0.6582420955694259,
            "self-signed": 0.2814898188887752,
            "expired": 0.029366622326818786
        },
        "2023-02": {
            "valid": 0.6687381504107858,
            "self-signed": 0.2676427217189804,
            "expired": 0.032020223298925635
        },
        "2023-03": {
            "valid": 0.6835429314830876,
            "self-signed": 0.25314397224631396,
            "expired": 0.031439722463139634
        },
        "2023-04": {
            "valid": 0.6957245974458635,
            "self-signed": 0.23986674069961134,
            "expired": 0.031538034425319265
        },
        "2023-10": {
            "valid": 0.6250076616610482,
            "self-signed": 0.31467974256818876,
            "expired": 0.0603125957707631
        }
    },
    "doh": {
        "2021-12": {
            "valid": 0.9324181626187962,
            "self-signed": 0.013093980992608237,
            "expired": 0.028933474128827876
        },
        "2022-01": {
            "valid": 0.7109335996005991,
            "self-signed": 0.0068230986853053755,
            "expired": 0.040772175070727244
        },
        "2022-02": {
            "valid": 0.7404129793510325,
            "self-signed": 0.007297003570874088,
            "expired": 0.041142679708119856
        },
        "2022-03": {
            "valid": 0.9276974416017798,
            "self-signed": 0.012458286985539488,
            "expired": 0.03181312569521691
        },
        "2022-04": {
            "valid": 0.936408504176158,
            "self-signed": 0.012148823082763858,
            "expired": 0.025246772968868642
        },
        "2022-05": {
            "valid": 0.9223905374559037,
            "self-signed": 0.015148371031334302,
            "expired": 0.030711765926540777
        },
        "2022-06": {
            "valid": 0.9112749762131304,
            "self-signed": 0.017602283539486202,
            "expired": 0.03829686013320647
        },
        "2022-07": {
            "valid": 0.9010625737898466,
            "self-signed": 0.018417945690672965,
            "expired": 0.04462809917355372
        },
        "2022-08": {
            "valid": 0.8991333654309099,
            "self-signed": 0.01853635050553683,
            "expired": 0.04694270582571016
        },
        "2022-09": {
            "valid": 0.8994109651110104,
            "self-signed": 0.02084277299501586,
            "expired": 0.04327140915269597
        },
        "2022-10": {
            "valid": 0.9015219337511191,
            "self-signed": 0.020590868397493287,
            "expired": 0.04207699194270367
        },
        "2022-11": {
            "valid": 0.9054429028815368,
            "self-signed": 0.017502668089647812,
            "expired": 0.042689434364994665
        },
        "2022-12": {
            "valid": 0.8968824940047961,
            "self-signed": 0.01591454109439721,
            "expired": 0.04251144538914323
        },
        "2023-01": {
            "valid": 0.8874420657691459,
            "self-signed": 0.017214742882365925,
            "expired": 0.049878613992496136
        },
        "2023-02": {
            "valid": 0.8917652309752288,
            "self-signed": 0.012720374916313323,
            "expired": 0.050881499665253294
        },
        "2023-03": {
            "valid": 0.8873080397470642,
            "self-signed": 0.012195121951219513,
            "expired": 0.0503613369467028
        },
        "2023-04": {
            "valid": 0.8872146118721461,
            "self-signed": 0.012100456621004566,
            "expired": 0.04954337899543379
        },
        "2023-10": {
            "valid": 0.8975984630163305,
            "self-signed": 0.02862632084534102,
            "expired": 0.07377521613832853
        }
    },
    "doq": {
        "2022-07": {
            "valid": 0.9974506054811982,
            "self-signed": 0.0025493945188017845,
            "expired": 0.0
        },
        "2022-08": {
            "valid": 0.9936120789779327,
            "self-signed": 0.005807200929152149,
            "expired": 0.0005807200929152149
        },
        "2022-09": {
            "valid": 0.9847507331378299,
            "self-signed": 0.00997067448680352,
            "expired": 0.005278592375366569
        },
        "2022-10": {
            "valid": 0.9753747323340471,
            "self-signed": 0.011777301927194861,
            "expired": 0.01284796573875803
        },
        "2022-11": {
            "valid": 0.9664921465968587,
            "self-signed": 0.015183246073298429,
            "expired": 0.01832460732984293
        },
        "2022-12": {
            "valid": 0.9614840989399294,
            "self-signed": 0.01696113074204947,
            "expired": 0.0215547703180212
        },
        "2023-03": {
            "valid": 0.944943494639235,
            "self-signed": 0.01883512025499855,
            "expired": 0.036221385105766446
        },
        "2023-04": {
            "valid": 0.9350479511769835,
            "self-signed": 0.023103748910200523,
            "expired": 0.041848299912816043
        },
        "2023-05": {
            "valid": 0.9378748928877464,
            "self-signed": 0.017566409597257925,
            "expired": 0.044558697514995714
        },
        "2023-10": {
            "valid": 0.9617165791911083,
            "self-signed": 0.009262117937635072,
            "expired": 0.029021302871256562
        }
    },
    "doh3": {
        "2022-07": {
            "valid": 1.0,
            "self-signed": 0.0,
            "expired": 0.0
        },
        "2022-08": {
            "valid": 1.0,
            "self-signed": 0.0,
            "expired": 0.0
        },
        "2022-09": {
            "valid": 1.0,
            "self-signed": 0.0,
            "expired": 0.0
        },